الهدف الاستراتيجي,المبادرة الاستراتيجية,الإدارة/القسم,المشروع التشغيلي,مؤشر القياس,المستهدف,المنجز,نسبة إنجاز المؤشر,نسبة إنجاز المشروع
تقديم تجربة إيمانية وثقافية ثرية لضيوف الرحمن,مشروع دراسة احتياجات المستفيدين,إدارة البحث والتطوير,مشروع تطوير دراسة احتياجات ضيوف الرحمن,نسبة الإنجاز في مراحل الدراسة,غير مجدول في النصف الأول,غير مجدول في النصف الأول,غير مجدول في النصف الأول,غير مجدول في النصف الأول
تقديم تجربة إيمانية وثقافية ثرية لضيوف الرحمن,برنامج الشراكات البحثية والتطويرية,إدارة البحث والتطوير,مشروع تطوير معايير التجربة  لضيوف الرحمن,عدد المقارنات المرجعية التي تم إجراؤها مع جهات معتمدة,1,0,0.0%,0%
تقديم تجربة إيمانية وثقافية ثرية لضيوف الرحمن,مشروع تطوير منهجية قياس الأثر,إدارة البحث والتطوير,قياس وإدارة الأثر,نسبة اكتمال الدليل واعتماده,100%,100%,100%,50%
تقديم تجربة إيمانية وثقافية ثرية لضيوف الرحمن,مشروع تطوير منهجية قياس الأثر,إدارة البحث والتطوير,قياس وإدارة الأثر,تقرير قياس الأثر,1,0,0%,50%
تقديم تجربة إيمانية وثقافية ثرية لضيوف الرحمن,برنامج العناية والرعاية الشاملة,إدارة المشاريع وخدمات المستفيدين,السقيا,عدد عبوات الزمزم التي تم توزيعها,282000,169728,60%,55%
تقديم تجربة إيمانية وثقافية ثرية لضيوف الرحمن,برنامج العناية والرعاية الشاملة,إدارة المشاريع وخدمات المستفيدين,السقيا,عدد عبوات الماء التي تم توزيعها,4850000,2394637,49%,55%
تقديم تجربة إيمانية وثقافية ثرية لضيوف الرحمن,برنامج العناية والرعاية الشاملة,إدارة المشاريع وخدمات المستفيدين,وجبة اطعام,عدد وجبات إفطار صائم,1250000,908480,73%,82%
تقديم تجربة إيمانية وثقافية ثرية لضيوف الرحمن,برنامج العناية والرعاية الشاملة,إدارة المشاريع وخدمات المستفيدين,وجبة اطعام,عدد الوجبات الجافة,151496,110028,73%,82%
تقديم تجربة إيمانية وثقافية ثرية لضيوف الرحمن,برنامج العناية والرعاية الشاملة,إدارة المشاريع وخدمات المستفيدين,وجبة اطعام,عدد الوجبات المطهية,1975,2640,100%,82%
تقديم تجربة إيمانية وثقافية ثرية لضيوف الرحمن,برنامج العناية والرعاية الشاملة,إدارة المشاريع وخدمات المستفيدين,توقير لخدمة كبار السن,عدد خدمات توقير التي تم تقديمها,200000,24224,12%,12%
تقديم تجربة إيمانية وثقافية ثرية لضيوف الرحمن,برنامج العناية والرعاية الشاملة,إدارة المشاريع وخدمات المستفيدين,مشروع إرشاد التائهين,عدد خدمات التوجيه والإرشاد التي تم تقديمها,197145,158874,81%,81%
تقديم تجربة إيمانية وثقافية ثرية لضيوف الرحمن,برنامج العناية والرعاية الشاملة,إدارة المشاريع وخدمات المستفيدين,مشروع مواساة,عدد المستفيدين من خدمات المواساة والزيارات,2000,3686,100%,100%
تقديم تجربة إيمانية وثقافية ثرية لضيوف الرحمن,برنامج العناية والرعاية الشاملة,إدارة المشاريع وخدمات المستفيدين,العناية بالأطفال في الحرمين - المدينة,عدد المستفيدين من خدمات العناية بالأطفال,40000,10317,26%,26%
تقديم تجربة إيمانية وثقافية ثرية لضيوف الرحمن,برنامج تيسير أداء النسك والشعائر الدينية,إدارة المشاريع وخدمات المستفيدين,نفقة معتمر,عدد المستفدين من مشروع نفقة معتمر,305,315,100%,100%
تقديم تجربة إيمانية وثقافية ثرية لضيوف الرحمن,برنامج تيسير أداء النسك والشعائر الدينية,إدارة المشاريع وخدمات المستفيدين,نفقة حاج,عدد المستفدين من مشروع نفقة حاج,45,35,78%,78%
تقديم تجربة إيمانية وثقافية ثرية لضيوف الرحمن,برنامج تيسير أداء النسك والشعائر الدينية,إدارة المشاريع وخدمات المستفيدين,النيابة في العمرة,عدد المستفدين من مشروع النيابة في العمرة,12249,9035,74%,74%
تقديم تجربة إيمانية وثقافية ثرية لضيوف الرحمن,برنامج تيسير أداء النسك والشعائر الدينية,إدارة المشاريع وخدمات المستفيدين,النيابة في الحج,عدد المستفدين من مشروع النيابة في الحج,100,110,100%,100%
تقديم تجربة إيمانية وثقافية ثرية لضيوف الرحمن,برنامج تيسير أداء النسك والشعائر الدينية,إدارة المشاريع وخدمات المستفيدين,الكفارات,عدد كفارات الدم التي تم إخراجها,2600,0,0%,2%
تقديم تجربة إيمانية وثقافية ثرية لضيوف الرحمن,برنامج تيسير أداء النسك والشعائر الدينية,إدارة المشاريع وخدمات المستفيدين,الكفارات,عدد كفارات اليمين التي تم إخراجها,771,0,0%,2%
تقديم تجربة إيمانية وثقافية ثرية لضيوف الرحمن,برنامج تيسير أداء النسك والشعائر الدينية,إدارة المشاريع وخدمات المستفيدين,الكفارات,عدد كفارات ارتكاب محظور التي تم إخراجها,2790,0,0%,2%
تقديم تجربة إيمانية وثقافية ثرية لضيوف الرحمن,برنامج تيسير أداء النسك والشعائر الدينية,إدارة المشاريع وخدمات المستفيدين,الكفارات,عدد كفارات العجز عن الصوم التي تم إخراجها,10094,1175,12%,2%
تقديم تجربة إيمانية وثقافية ثرية لضيوف الرحمن,برنامج تيسير أداء النسك والشعائر الدينية,إدارة المشاريع وخدمات المستفيدين,الكفارات,عدد كفارات الكفارة المغلظة التي تم إخراجها,57,0,0%,2%
تقديم تجربة إيمانية وثقافية ثرية لضيوف الرحمن,برنامج تيسير أداء النسك والشعائر الدينية,إدارة المشاريع وخدمات المستفيدين,الكفارات,عدد كفارات الكسوة التي تم إخراجها,200,0,0%,2%
تقديم تجربة إيمانية وثقافية ثرية لضيوف الرحمن,برنامج تيسير أداء النسك والشعائر الدينية,إدارة المشاريع وخدمات المستفيدين,زكاة الفطر,عدد زكاة الفطر التي تم إخراجها,56701,36490,64%,64%
تقديم تجربة إيمانية وثقافية ثرية لضيوف الرحمن,برنامج تعزيز الوعي الديني لضيوف الرحمن,إدارة المشاريع وخدمات المستفيدين,تعليم القرآن الكريم,إجمالي عدد الساعات التعليمية المنفذة,5000,2286,46%,46%
تقديم تجربة إيمانية وثقافية ثرية لضيوف الرحمن,برنامج تعزيز الوعي الديني لضيوف الرحمن,إدارة المشاريع وخدمات المستفيدين,الترجمة وتنسيق الفتوى,عدد المستفيدين,87953,731771,100%,100%
تقديم تجربة إيمانية وثقافية ثرية لضيوف الرحمن,برنامج تعزيز الوعي الديني لضيوف الرحمن,إدارة المشاريع وخدمات المستفيدين,الترجمة وتنسيق الفتوى,نسبة رضا المستفيدين,غير مجدول في النصف الأول,غير مجدول في النصف الأول,غير مجدول في النصف الأول,غير مجدول في النصف الأول
تقديم تجربة إيمانية وثقافية ثرية لضيوف الرحمن,برنامج تعزيز الوعي الديني لضيوف الرحمن,إدارة المشاريع وخدمات المستفيدين,توزيع المصاحف,عدد المصاحف التي تم توزيعها,50000,35919,72%,72%
تقديم تجربة إيمانية وثقافية ثرية لضيوف الرحمن,برنامج تعزيز الوعي الديني لضيوف الرحمن,إدارة المشاريع وخدمات المستفيدين,منصة هداية لتوعية ضيوف الرحمن,عدد التفاعلات (مشاهدات، تحميلات، مشاركات) للمحتوى التوعوي,15823,23773,100%,100%
تقديم تجربة إيمانية وثقافية ثرية لضيوف الرحمن,برنامج إثراء التجربة الثقافية لضيوف الرحمن,إدارة المشاريع وخدمات المستفيدين,توزيع الهدايا,عدد الهدايا التي تم توزيعها,83500,171528,100%,100%
تقديم تجربة إيمانية وثقافية ثرية لضيوف الرحمن,برنامج إثراء التجربة الثقافية لضيوف الرحمن,إدارة المشاريع وخدمات المستفيدين,الضيافة السعودية,عدد المستفيدين,123255,75936,62%,62%
تقديم تجربة إيمانية وثقافية ثرية لضيوف الرحمن,برنامج إثراء التجربة الثقافية لضيوف الرحمن,إدارة المشاريع وخدمات المستفيدين,مزار للمعالم الدينية والتاريخية,إجمالي عدد المستفيدين من الرحلات,غير مجدول في النصف الأول,غير مجدول في النصف الأول,غير مجدول في النصف الأول,غير مجدول في النصف الأول
تقديم تجربة إيمانية وثقافية ثرية لضيوف الرحمن,برنامج إثراء التجربة الثقافية لضيوف الرحمن,إدارة المشاريع وخدمات المستفيدين,المخيمات والمعارض الإثرائية,إجمالي عدد زوار,غير مجدول في النصف الأول,غير مجدول في النصف الأول,غير مجدول في النصف الأول,غير مجدول في النصف الأول
تقديم تجربة إيمانية وثقافية ثرية لضيوف الرحمن,برنامج إثراء التجربة الثقافية لضيوف الرحمن,إدارة المشاريع وخدمات المستفيدين,المخيمات والمعارض الإثرائية,عدد الجنسيات الزائرة للمعارض,غير مجدول في النصف الأول,غير مجدول في النصف الأول,غير مجدول في النصف الأول,غير مجدول في النصف الأول
تقديم تجربة إيمانية وثقافية ثرية لضيوف الرحمن,برنامج تعظيم المنافع التنموية على المجتمعين المكي والمدني,إدارة المشاريع وخدمات المستفيدين,مشروع ضيوف أهل مكة,عدد الأسر المستضيفة لضيوف الرحمن,غير مجدول في النصف الأول,غير مجدول في النصف الأول,غير مجدول في النصف الأول,غير مجدول في النصف الأول
تقديم تجربة إيمانية وثقافية ثرية لضيوف الرحمن,برنامج تعظيم المنافع التنموية على المجتمعين المكي والمدني,إدارة المشاريع وخدمات المستفيدين,مشروع ضيوف أهل مكة,عدد ضيوف الرحمن الذين تمت استضافتهم,غير مجدول في النصف الأول,غير مجدول في النصف الأول,غير مجدول في النصف الأول,غير مجدول في النصف الأول
تقديم تجربة إيمانية وثقافية ثرية لضيوف الرحمن,برنامج تعظيم المنافع التنموية على المجتمعين المكي والمدني,إدارة المشاريع وخدمات المستفيدين,مشروع سفراء في خدمة ضيوف الرحمن,عدد مبادرات المشاركة المجتمعية التي تم تنفيذها,غير مجدول في النصف الأول,غير مجدول في النصف الأول,غير مجدول في النصف الأول,غير مجدول في النصف الأول
تقديم تجربة إيمانية وثقافية ثرية لضيوف الرحمن,برنامج تعظيم المنافع التنموية على المجتمعين المكي والمدني,إدارة المشاريع وخدمات المستفيدين,مشروع زكاة المال,حجم مبالغ الزكاة التي تم صرفها للمستحقين,4821082,6636473,100%,100%
التكامل مع الجهات ذات العلاقة بخدمة ضيوف الرحمن,برنامج تطوير وتفعيل الشراكات (نسيج),قسم الشراكات,"آفاق
(شراكات جديدة)",عدد الشراكات الجديدة,7,8,100%,100%
التكامل مع الجهات ذات العلاقة بخدمة ضيوف الرحمن,برنامج تطوير وتفعيل الشراكات (نسيج),قسم الشراكات,"ثمار
(تفعيل الشراكات القائمة)",نسبة تفعيل الشراكات,50%,50%,100%,100%
التكامل مع الجهات ذات العلاقة بخدمة ضيوف الرحمن,برنامج تطوير وتفعيل الشراكات (نسيج),قسم الشراكات,"تستحق
(شراكات مزايا للموظفين)",عدد الموظفين الذين استخدموا الخصومات,13,3,23%,23%
التكامل مع الجهات ذات العلاقة بخدمة ضيوف الرحمن,برنامج تطوير وتفعيل الشراكات (نسيج),قسم الشراكات,مشروع قبس,عدد الجمعيات المستفيدة,غير مجدول في النصف الأول,غير مجدول في النصف الأول,غير مجدول في النصف الأول,غير مجدول في النصف الأول
التكامل مع الجهات ذات العلاقة بخدمة ضيوف الرحمن,برنامج المشاركة المجتمعية في خدمة ضيوف الرحمن,إدارة تنمية الموارد المالية,تفعيل المسؤولية المجتمعية للشركات,عدد شراكات المسؤولية المجتمعية,9,9,100%,89%
التكامل مع الجهات ذات العلاقة بخدمة ضيوف الرحمن,برنامج المشاركة المجتمعية في خدمة ضيوف الرحمن,إدارة تنمية الموارد المالية,تفعيل المسؤولية المجتمعية للشركات,مبلغ الدعم,200000,157000,78%,89%
بناء منظومة ريادية في الابتكار وتطوير الأعمال,بناء نظام إدارة المعرفة,مكتب الاستراتيجية والتميز المؤسسي,تقييم الوضع الراهن لإدارة المعرفة,نسبة اكتمال التقييم,غير مجدول في النصف الأول,غير مجدول في النصف الأول,غير مجدول في النصف الأول,غير مجدول في النصف الأول
بناء منظومة ريادية في الابتكار وتطوير الأعمال,بناء نظام إدارة المعرفة,مكتب الاستراتيجية والتميز المؤسسي,بناء نظام إدارة المعرفة,نسبة جاهزية مراحل النظام,غير مجدول في النصف الأول,غير مجدول في النصف الأول,غير مجدول في النصف الأول,غير مجدول في النصف الأول
بناء منظومة ريادية في الابتكار وتطوير الأعمال,بناء نظام إدارة المعرفة,مكتب الاستراتيجية والتميز المؤسسي,تفعيل منصة إدارة المعرفة,نسبة جاهزية المنصة,غير مجدول في النصف الأول,غير مجدول في النصف الأول,غير مجدول في النصف الأول,غير مجدول في النصف الأول
بناء منظومة ريادية في الابتكار وتطوير الأعمال,برنامج الابتكار في خدمة ضيوف الرحمن,إدارة البحث والتطوير,تشغيل معمل الابتكار,عدد المبادرات الابتكارية المفعلة,غير مجدول في النصف الأول,غير مجدول في النصف الأول,غير مجدول في النصف الأول,غير مجدول في النصف الأول
بناء منظومة ريادية في الابتكار وتطوير الأعمال,برنامج الابتكار في خدمة ضيوف الرحمن,إدارة البحث والتطوير,تطوير الحلول التقنية المبتكرة وتجربتها,عدد النماذج الأولية المجربة,غير مجدول في النصف الأول,غير مجدول في النصف الأول,غير مجدول في النصف الأول,غير مجدول في النصف الأول
بناء منظومة ريادية في الابتكار وتطوير الأعمال,برنامج الابتكار في خدمة ضيوف الرحمن,إدارة البحث والتطوير,هاكاثون تطوير تجربة زائر المسجد النبوي,عدد الحلول الابتكارية المحتضنة,غير مجدول في النصف الأول,غير مجدول في النصف الأول,غير مجدول في النصف الأول,غير مجدول في النصف الأول
بناء منظومة ريادية في الابتكار وتطوير الأعمال,برنامج تطوير نماذج الأعمال للمنتجات والخدمات,إدارة البحث والتطوير,مشروع تطوير نماذج الأعمال,عدد نماذج الأعمال المطورة والمعتمدة,غير مجدول في النصف الأول,غير مجدول في النصف الأول,غير مجدول في النصف الأول,غير مجدول في النصف الأول
تطوير كفاءة سلاسل الإمداد واستدامتها,تطوير منظومة سلاسل الإمداد والمشتريات,إدارة سلاسل الإمداد,إعداد وتنفيذ دراسة جدوى للخدمات اللوجستية,نسبة انجاز الدراسة من جهة معتمدة (النقل - المستودعات),غير مجدول في النصف الأول,غير مجدول في النصف الأول,غير مجدول في النصف الأول,غير مجدول في النصف الأول
تطوير كفاءة سلاسل الإمداد واستدامتها,تطوير منظومة سلاسل الإمداد والمشتريات,قسم المشتريات,مشروع إدارة عمليات المشتريات,نسبة العمليات المنجزة ضمن المدة المحددة,غير مجدول في النصف الأول,غير مجدول في النصف الأول,غير مجدول في النصف الأول,غير مجدول في النصف الأول
تطوير كفاءة سلاسل الإمداد واستدامتها,تطوير منظومة سلاسل الإمداد والمشتريات,قسم المشتريات,مشروع إدارة عمليات المشتريات,زيادة نسبة الفرص التنافسية إلى الشراء المباشر,15%,12%,80%,80%
تطوير كفاءة سلاسل الإمداد واستدامتها,تطوير منظومة سلاسل الإمداد والمشتريات,قسم المشتريات,مشروع إدارة الموردين والعقود,نسبة الموردين الملتزمين بالعقود,90%,90%,100%,100%
تطوير كفاءة سلاسل الإمداد واستدامتها,مشروع الامتثال لمعايير السلامة والاستدامة في سلاسل الإمداد,إدارة سلاسل الإمداد,إعداد وتنفيذ خطة الامتثال المؤسسي,نسبة تنفيذ خطة الامتثال,غير مجدول في النصف الأول,غير مجدول في النصف الأول,غير مجدول في النصف الأول,غير مجدول في النصف الأول
تطوير كفاءة سلاسل الإمداد واستدامتها,مشروع الامتثال لمعايير السلامة والاستدامة في سلاسل الإمداد,إدارة سلاسل الإمداد,الحصول على شهادات الامتثال لسلاسل الإمداد,عدد الشهادات الامتثال,غير مجدول في النصف الأول,غير مجدول في النصف الأول,غير مجدول في النصف الأول,غير مجدول في النصف الأول
تطوير كفاءة سلاسل الإمداد واستدامتها,مشروع مركز الخدمات اللوجستية,إدارة سلاسل الإمداد,أتمتة المخزون,"نسبة أتمتة عمليات المخزون
 (الصيانة + والمستودعات)",50%,60%,100%,100%
تطوير كفاءة سلاسل الإمداد واستدامتها,مشروع مركز الخدمات اللوجستية,إدارة سلاسل الإمداد,تطوير عمليات الخدمات المساندة,عدد العمليات المنفذة,14000,14000,100%,100%
تطوير كفاءة سلاسل الإمداد واستدامتها,مشروع مركز الخدمات اللوجستية,إدارة سلاسل الإمداد,تطوير وتوسعة البنية التشغيلية للمقرات,عدد الطلبات المنجزة,13,13,100%,100%
تعزيز المكانة المتميزة للجمعية,برنامج تحسين أدوات الاتصال المؤسسي (تواصل),إدارة الاتصال المؤسسي,مشروع تعزيز التواصل الداخلي,عدد البرامج الاجتماعية,8,6,75%,75%
تعزيز المكانة المتميزة للجمعية,برنامج تحسين أدوات الاتصال المؤسسي (تواصل),إدارة الاتصال المؤسسي,إدارة تجربة زوار الجمعية,نسبة معالجة طلبات الزيارة,90%,94%,100%,50%
تعزيز المكانة المتميزة للجمعية,برنامج تحسين أدوات الاتصال المؤسسي (تواصل),إدارة الاتصال المؤسسي,إدارة تجربة زوار الجمعية,نسبة رضا الزوار,90%,0%,0%,50%
تعزيز المكانة المتميزة للجمعية,برنامج تحسين أدوات الاتصال المؤسسي (تواصل),إدارة الاتصال المؤسسي,المشاركة في المعارض والفعاليات,عدد المعارض والمؤتمرات المشارك بها,8,15,100%,50%
تعزيز المكانة المتميزة للجمعية,برنامج تحسين أدوات الاتصال المؤسسي (تواصل),إدارة الاتصال المؤسسي,المشاركة في المعارض والفعاليات,نسبة رضا زوار المعارض,90%,0%,0%,50%
تعزيز المكانة المتميزة للجمعية,برنامج تطوير المنصات الرقمية (رواج),إدارة الاتصال المؤسسي,"إدارة ونشر المحتوى
(الموقع - المتجر - منصات التواصل - النشرات - بودكاست)",معدل الوصول,17000000,17937791,100%,85%
تعزيز المكانة المتميزة للجمعية,برنامج تطوير المنصات الرقمية (رواج),إدارة الاتصال المؤسسي,"إدارة ونشر المحتوى
(الموقع - المتجر - منصات التواصل - النشرات - بودكاست)",معدل التفاعل,2%,1%,70%,85%
تعزيز المكانة المتميزة للجمعية,برنامج تطوير المنصات الرقمية (رواج),إدارة الاتصال المؤسسي,تنفيذ حملات التسويق الرقمي,نسبة تكرار التبرع,80%,0%,0%,50%
تعزيز المكانة المتميزة للجمعية,برنامج تطوير المنصات الرقمية (رواج),إدارة الاتصال المؤسسي,تنفيذ حملات التسويق الرقمي,إجمالي التبرعات عبر الحملات الرقمية,4000000,6453508,100%,50%
تعزيز المكانة المتميزة للجمعية,برنامج تعزيز السمعة المؤسسية للجمعية (سمعة),إدارة الاتصال المؤسسي,"تعزيز الظهور الإعلامي للجمعية
(إذاعة وتلفزيون)",عدد التغطيات الإعلامية الإيجابية,25,26,100%,100%
تعزيز المكانة المتميزة للجمعية,برنامج تعزيز السمعة المؤسسية للجمعية (سمعة),إدارة الاتصال المؤسسي,"تطوير الهوية المؤسسية وتطبيقها
(مقرات - مخرجات)",نسبة الالتزام بمعايير الهوية المؤسسية,90%,97%,100%,100%
تطوير القدرات التنظيمية والرقمية وفق معايير التميز المؤسسي,مشروع تطوير البنية المؤسسية,مكتب الاستراتيجية والتميز المؤسسي,مشروع تطوير الأداء المؤسسي,نسبة تحديث واعتماد مؤشرات الأداء,100%,100%,100%,100%
تطوير القدرات التنظيمية والرقمية وفق معايير التميز المؤسسي,مشروع تطوير البنية المؤسسية,مكتب الاستراتيجية والتميز المؤسسي,مشروع تطوير الأداء المؤسسي,نسبة جاهزية لوحة متابعة الأداء,100%,100%,100%,100%
تطوير القدرات التنظيمية والرقمية وفق معايير التميز المؤسسي,مشروع تطوير البنية المؤسسية,مكتب الاستراتيجية والتميز المؤسسي,مشروع جوائز التميز المؤسسي,عدد الجوائز التي تم الحصول عليها,غير مجدول في النصف الأول,غير مجدول في النصف الأول,غير مجدول في النصف الأول,غير مجدول في النصف الأول
تطوير القدرات التنظيمية والرقمية وفق معايير التميز المؤسسي,مشروع تطوير البنية المؤسسية,مكتب الرئيس التنفيذي,إدارة وتشغيل مكتب الرئيس التنفيذي,نسبة الاجتماعات ذات الأجندة والقرارات الواضحة ومتابعتها,غير مجدول في النصف الأول,غير مجدول في النصف الأول,غير مجدول في النصف الأول,غير مجدول في النصف الأول
تطوير القدرات التنظيمية والرقمية وفق معايير التميز المؤسسي,مشروع تطوير البنية المؤسسية,مكتب الرئيس التنفيذي,إدارة وتشغيل مكتب الرئيس التنفيذي,نسبة توثيق وتنظيم أفكار الرئيس التنفيذي,غير مجدول في النصف الأول,غير مجدول في النصف الأول,غير مجدول في النصف الأول,غير مجدول في النصف الأول
تطوير القدرات التنظيمية والرقمية وفق معايير التميز المؤسسي,مشروع تطوير البنية المؤسسية,مكتب الرئيس التنفيذي,إدارة وتشغيل مكتب الرئيس التنفيذي,نسبة إنجاز المعاملات خلال الوقت المحدد (48 ساعة),غير مجدول في النصف الأول,غير مجدول في النصف الأول,غير مجدول في النصف الأول,غير مجدول في النصف الأول
تطوير القدرات التنظيمية والرقمية وفق معايير التميز المؤسسي,مشروع تفعيل اتفاقية مستوى الخدمة في قطاع الخدمات المشتركة SLA,مكتب الاستراتيجية / قطاع الخدمات المشتركة,تطوير اتفاقيات مستوى الخدمة (SLA),نسبة الرضا عن الخدمات,غير مجدول في النصف الأول,غير مجدول في النصف الأول,غير مجدول في النصف الأول,غير مجدول في النصف الأول
تطوير القدرات التنظيمية والرقمية وفق معايير التميز المؤسسي,مشروع التحول الرقمي,قسم تقنية المعلومات والتحول الرقمي,تفعيل التحول الرقمي للإدارات,عدد الإدارت التي تم تفعيل التحول الرقمي بها بنسبة 100%,10,0,0%,0%
تطوير القدرات التنظيمية والرقمية وفق معايير التميز المؤسسي,مشروع التحول الرقمي,قسم تقنية المعلومات والتحول الرقمي,تكامل المنصات والأنظمة الرقمية,نسبة تكامل الأنظمة مع ERP,85%,0%,0%,0%
تطوير القدرات التنظيمية والرقمية وفق معايير التميز المؤسسي,مشروع التحول الرقمي,قسم تقنية المعلومات والتحول الرقمي,الموقع والمتجر الإلكتروني,نسبة جاهزية الموقع والمتجر الإلكتروني,70%,0%,0%,0%
تطوير القدرات التنظيمية والرقمية وفق معايير التميز المؤسسي,مشروع تطوير البنية التحتية الرقمية ومراكز البيانات,قسم تقنية المعلومات والتحول الرقمي,تطوير البنية التحتية التقنية,نسبة تذاكر الدعم الفني المغلقة,100%,0%,0%,0%
تطوير القدرات التنظيمية والرقمية وفق معايير التميز المؤسسي,مشروع تطوير البنية التحتية الرقمية ومراكز البيانات,قسم تقنية المعلومات والتحول الرقمي,تعزيز الأمن السيبراني وحماية البيانات,نسبة الامتثال للضوابط الأساسية للأمن السيبراني,100%,0%,0%,0%
تطوير القدرات التنظيمية والرقمية وفق معايير التميز المؤسسي,مشروع تحسين مستويات الامتثال لمعايير الحوكمة,مكتب الحوكمة والالتزام,تطوير وتوثيق الإجراءات,نسبة توثيق واعتماد الإجراءات,50%,10%,20%,20%
تطوير القدرات التنظيمية والرقمية وفق معايير التميز المؤسسي,مشروع تحسين مستويات الامتثال لمعايير الحوكمة,مكتب الحوكمة والالتزام,التحول الرقمي للحوكمة والالتزام,نسبة أتمتة عمليات الحوكمة والمخاطروالالتزام,غير مجدول في النصف الأول,غير مجدول في النصف الأول,غير مجدول في النصف الأول,غير مجدول في النصف الأول
تطوير القدرات التنظيمية والرقمية وفق معايير التميز المؤسسي,مشروع تحسين مستويات الامتثال لمعايير الحوكمة,مكتب الحوكمة والالتزام,تطوير الأدلة والسياسات التشغيلية,نسبة تغطية الإدارات بالأدلة التشغيلية,غير مجدول في النصف الأول,غير مجدول في النصف الأول,غير مجدول في النصف الأول,غير مجدول في النصف الأول
تطوير القدرات التنظيمية والرقمية وفق معايير التميز المؤسسي,مشروع تحسين مستويات الامتثال لمعايير الحوكمة,مكتب المراجعة الداخلية,تطوير منهجية المراجعة الداخلية,نسبة الالتزام بمعاييرالمراجعة الداخلية (IIA),غير مجدول في النصف الأول,غير مجدول في النصف الأول,غير مجدول في النصف الأول,غير مجدول في النصف الأول
تطوير القدرات التنظيمية والرقمية وفق معايير التميز المؤسسي,مشروع تحسين مستويات الامتثال لمعايير الحوكمة,مكتب المراجعة الداخلية,التخطيط الرقابي القائم على التطوير,نسبة تنفيذ التوصيات التطويرية,غير مجدول في النصف الأول,غير مجدول في النصف الأول,غير مجدول في النصف الأول,غير مجدول في النصف الأول
تطوير القدرات التنظيمية والرقمية وفق معايير التميز المؤسسي,مشروع بناء نظام إدارة المخاطر,مكتب الحوكمة والالتزام,"تطوير منظومة إدارة المخاطر
(حصر - تحليل - سجل - تقييم)",نسبة تحديث سجل المخاطر,100%,100%,100%,100%
تطوير القدرات التنظيمية والرقمية وفق معايير التميز المؤسسي,مشروع بناء نظام إدارة المخاطر,مكتب الحوكمة والالتزام,الاستجابة والتوعية بالمخاطر,نسبة معالجة المخاطر عالية التأثير,20%,0%,0%,0%
تمكين الكفاءات الوظيفية والتطوعية المتخصصة,البرنامج التدريبي للكفاءات الوظيفية,إدارة رأس المال البشري,تطوير دليل الجدارات وخطة التدريب,نسبة إكتمال الدليل وإعتماده,100%,100%,100%,100%
تمكين الكفاءات الوظيفية والتطوعية المتخصصة,البرنامج التدريبي للكفاءات الوظيفية,إدارة رأس المال البشري,برامج التدريب وتقييم أثرها,نسبة الموظفين المتدربين,100%,100%,100%,100%
تمكين الكفاءات الوظيفية والتطوعية المتخصصة,تطوير وتفعيل برنامج إدارة الأداء الوظيفي,إدارة رأس المال البشري,تطوير نظام تقييم الأداء ودليل التقييم,نسبة اعتماد نظام تقييم الأداء,100%,100%,100%,100%
تمكين الكفاءات الوظيفية والتطوعية المتخصصة,تطوير وتفعيل برنامج إدارة الأداء الوظيفي,إدارة رأس المال البشري,تطبيق تقييم الأداء الدوري وإعداد التقارير,نسبة الارتفاع في الأداء,غير مجدول في النصف الأول,غير مجدول في النصف الأول,غير مجدول في النصف الأول,غير مجدول في النصف الأول
تمكين الكفاءات الوظيفية والتطوعية المتخصصة,مشروع تعزيز بيئة العمل وفق المعايير المعتمدة,إدارة رأس المال البشري,تطوير واعتماد دليل الأوصاف الوظيفية,نسبة إكتمال الدليل وإعتماده,100%,100%,100%,100%
تمكين الكفاءات الوظيفية والتطوعية المتخصصة,مشروع تعزيز بيئة العمل وفق المعايير المعتمدة,إدارة رأس المال البشري,إعداد وتطبيق لائحة الأجور,نسبة اكتمال اللائحة واعتمادها,40%,40%,100%,100%
تمكين الكفاءات الوظيفية والتطوعية المتخصصة,مشروع تعزيز بيئة العمل وفق المعايير المعتمدة,إدارة رأس المال البشري,قياس رضا الموظفين عن بيئة العمل,نسبة رضا الموظفين,90%,70%,78%,78%
تمكين الكفاءات الوظيفية والتطوعية المتخصصة,مشروع تعزيز بيئة العمل وفق المعايير المعتمدة,إدارة رأس المال البشري,"إدارة عمليات الموارد البشرية
(المنصات الحكومية - الرواتب + بيانات الموظفين + الحضور + الانتداب + العمل الاضافي الخ)",نسبة رضا الموظفين عن عمليات الموارد,90%,70%,78%,78%
تمكين الكفاءات الوظيفية والتطوعية المتخصصة,مشروع تعزيز بيئة العمل وفق المعايير المعتمدة,قسم الشؤون القانونية,إدارة الامتثال والتمثيل القانوني,نسبة الالتزام بالمراجعة القانونية للمعاملات,غير مجدول في النصف الأول,غير مجدول في النصف الأول,غير مجدول في النصف الأول,غير مجدول في النصف الأول
تمكين الكفاءات الوظيفية والتطوعية المتخصصة,مشروع تعزيز بيئة العمل وفق المعايير المعتمدة,قسم الشؤون القانونية,التطوير القانوني والتدريب,عدد البرامج التوعوية القانونية المنفذة,غير مجدول في النصف الأول,غير مجدول في النصف الأول,غير مجدول في النصف الأول,غير مجدول في النصف الأول
تمكين الكفاءات الوظيفية والتطوعية المتخصصة,مشروع دراسة العبء الوظيفي,إدارة رأس المال البشري,إعداد تقرير العبء الوظيفي,نسبة إنجاز تقرير العبء الوظيفي,25%,25%,100%,100%
تمكين الكفاءات الوظيفية والتطوعية المتخصصة,مشروع دراسة العبء الوظيفي,إدارة رأس المال البشري,إعداد تقرير العبء الوظيفي,نسبة التوصيات المنفذة من مخرجات تقرير العبء الوظيفي,غير مجدول في النصف الأول,غير مجدول في النصف الأول,غير مجدول في النصف الأول,غير مجدول في النصف الأول
تمكين الكفاءات الوظيفية والتطوعية المتخصصة,برنامج التطوع في خدمة ضيوف الرحمن,قسم التطوع,إدارة المبادرات والأنشطة التطوعية,عدد المتطوعين بتكرار,30000,27832,93%,98%
تمكين الكفاءات الوظيفية والتطوعية المتخصصة,برنامج التطوع في خدمة ضيوف الرحمن,قسم التطوع,إدارة المبادرات والأنشطة التطوعية,عدد المتطوعين بدون تكرار,2500,2867,100%,98%
تمكين الكفاءات الوظيفية والتطوعية المتخصصة,برنامج التطوع في خدمة ضيوف الرحمن,قسم التطوع,إدارة المبادرات والأنشطة التطوعية,قياس رضا وتجربة المتطوعين,غير مجدول في النصف الأول,غير مجدول في النصف الأول,غير مجدول في النصف الأول,غير مجدول في النصف الأول
تمكين الكفاءات الوظيفية والتطوعية المتخصصة,برنامج التطوع في خدمة ضيوف الرحمن,قسم التطوع,إدارة المبادرات والأنشطة التطوعية,معدل تسرب المتطوعين,5%,5%,100%,98%
تمكين الكفاءات الوظيفية والتطوعية المتخصصة,برنامج التطوع في خدمة ضيوف الرحمن,قسم التطوع,البرامج التدريبية للمتطوعين,عدد البرامج التدريبية للمتطوعين,3,5,100%,100%
تمكين الكفاءات الوظيفية والتطوعية المتخصصة,برنامج التطوع في خدمة ضيوف الرحمن,قسم التطوع,بيئات التطوع,عدد الفرص التطوعية المصممة والمعتمدة,غير مجدول في النصف الأول,غير مجدول في النصف الأول,غير مجدول في النصف الأول,غير مجدول في النصف الأول
تمكين الكفاءات الوظيفية والتطوعية المتخصصة,برنامج التطوع في خدمة ضيوف الرحمن,قسم التطوع,بيئات التطوع,عدد الفرق التطوعية التخصصية المنشأة والمفعلة,غير مجدول في النصف الأول,غير مجدول في النصف الأول,غير مجدول في النصف الأول,غير مجدول في النصف الأول
تنمية الموارد المالية والأصول الوقفية والاستثمارية,تعزيز الكفاءة المالية,الإدارة المالية,ترشيد المصروفات التشغيلية,نسبة خفض المصروفات,30%,27%,90%,90%
تنمية الموارد المالية والأصول الوقفية والاستثمارية,تعزيز الكفاءة المالية,الإدارة المالية,الامتثال الضريبي,نسبة الالتزام بالامتثال الضريبي,85%,85%,100%,100%
تنمية الموارد المالية والأصول الوقفية والاستثمارية,تعزيز الكفاءة المالية,الإدارة المالية,إدارة الحسابات المالية,نسبة إغلاق العمليات المالية في الوقت المحدد,100%,40%,40%,40%
تنمية الموارد المالية والأصول الوقفية والاستثمارية,تعزيز الكفاءة المالية,الإدارة المالية,الأرشفة الإلكترونية المالية,"نسبة الوثائق المؤرشفة إلكترونياً
لعام 2023 - 2024",40%,50%,100%,100%
تنمية الموارد المالية والأصول الوقفية والاستثمارية,تعزيز الكفاءة المالية,الإدارة المالية,تطوير التقارير المالية الدورية,عدد تقارير التحليل المالي,3,3,100%,100%
تنمية الموارد المالية والأصول الوقفية والاستثمارية,برنامج تعزيز العلاقات مع الجهات المانحة,إدارة تنمية الموارد المالية,تطوير علاقات المانحين,"نسبة الجهات المانحة الفاعلة
(التي قدمت دعماً خلال العام)",15%,24%,100%,100%
تنمية الموارد المالية والأصول الوقفية والاستثمارية,برنامج تنمية تبرعات الأفراد,إدارة تنمية الموارد المالية,تطوير قنوات التبرع,عدد قنوات التبرع الجديدة المفعلة,20,16,80%,80%
تنمية الموارد المالية والأصول الوقفية والاستثمارية,برنامج تنمية تبرعات الأفراد,إدارة تنمية الموارد المالية,إدارة تجربة المتبرع,نسبة رضا المتبرعين,100%,0%,0%,0%
تنمية الموارد المالية والأصول الوقفية والاستثمارية,برنامج الإسناد والمنافسات الحكومية,قسم الإسناد الحكومي,مشروع المنافسات الحكومية,عدد المنافسات التي حصلت عليها الجمعية,2,2,100%,100%
تنمية الموارد المالية والأصول الوقفية والاستثمارية,برنامج الإسناد والمنافسات الحكومية,قسم الإسناد الحكومي,تصميم المبادرات والفرص الحكومية,عدد الفرص الحكومية المصممة,غير مجدول في النصف الأول,غير مجدول في النصف الأول,غير مجدول في النصف الأول,غير مجدول في النصف الأول
تنمية الموارد المالية والأصول الوقفية والاستثمارية,برنامج الاستثمار الاجتماعي,قسم الاستثمار الاجتماعي,تطوير مشاريع الاستثمار الاجتماعي,عدد مشاريع الاستثمار الاجتماعي النشطة,6,5,83%,83%
تنمية الموارد المالية والأصول الوقفية والاستثمارية,برنامج الاستثمار الاجتماعي,قسم الاستثمار الاجتماعي,تطوير مشاريع الاستثمار الاجتماعي,عدد الفرص الاستثمارية المستقطبة الواعدة,غير مجدول في النصف الأول,غير مجدول في النصف الأول,غير مجدول في النصف الأول,غير مجدول في النصف الأول
تنمية الموارد المالية والأصول الوقفية والاستثمارية,برنامج الاستثمار الاجتماعي,قسم الاستثمار الاجتماعي,دراسة الجدوى الاستثمارية,عدد المشاريع التي تمت دراسة جدواها,غير مجدول في النصف الأول,غير مجدول في النصف الأول,غير مجدول في النصف الأول,غير مجدول في النصف الأول
تنمية الموارد المالية والأصول الوقفية والاستثمارية,مشروع تأسيس وتشغيل مكتب إدارة الأوقاف والاستثمار,مكتب الأوقاف والاستثمار,حوكمة وتوثيق الأوقاف,نسبة الأوقاف الموثقة نظامياً,,,,
تنمية الموارد المالية والأصول الوقفية والاستثمارية,مشروع تأسيس وتشغيل مكتب إدارة الأوقاف والاستثمار,مكتب الأوقاف والاستثمار,تنمية التبرعات الوقفية,"إجمالي التبرعات المحصلة
(تعظيم رأس المال الوقفي والاستثماري)",7000000,0,0%,0%
تنمية الموارد المالية والأصول الوقفية والاستثمارية,مشروع تأسيس وتشغيل مكتب إدارة الأوقاف والاستثمار,مكتب الأوقاف والاستثمار,مشروع تفعيل واستثمار الأوقاف المعطلة,عدد الأوقاف والأصول المستثمرة,غير مجدول في النصف الأول,غير مجدول في النصف الأول,غير مجدول في النصف الأول,غير مجدول في النصف الأول
تنمية الموارد المالية والأصول الوقفية والاستثمارية,مشروع تأسيس وتشغيل مكتب إدارة الأوقاف والاستثمار,مكتب الأوقاف والاستثمار,مشروع تفعيل واستثمار الأوقاف المعطلة,قيمة العوائد السنوية للأوقاف بعد التفعيل,غير مجدول في النصف الأول,غير مجدول في النصف الأول,غير مجدول في النصف الأول,غير مجدول في النصف الأول
